{"horizon": 40, "pred": [23.325103759765625, 35.74894332885742, 35.458580017089844, 36.812068939208984, 36.74954605102539, 37.59881591796875, 37.63575744628906, 37.38300323486328, 36.93385696411133, 36.86289978027344, 36.56283187866211, 36.48823165893555, 36.413841247558594, 36.393550872802734, 36.427425384521484, 36.504112243652344, 36.525264739990234, 36.583213806152344, 36.6243782043457, 36.65892791748047, 36.63206100463867, 36.641273498535156, 36.622528076171875, 36.646827697753906, 36.68455123901367, 36.69590377807617, 36.73579406738281, 36.883644104003906, 36.88822937011719, 36.92060089111328, 36.92266082763672, 36.76068878173828, 36.690311431884766, 36.66227722167969, 36.40514373779297, 36.23960876464844, 36.042720794677734, 35.74221420288086, 35.484954833984375, 35.24880599975586]}